{"cameraMode":{"drawMode":0,"name":"Shaded","section":"Shading Mode"},"sceneLighting":true,"audioPlay":false,"sceneViewState":{"m_AlwaysRefresh":false,"showFog":true,"showSkybox":true,"showFlares":true,"showImageEffects":true,"showParticleSystems":true,"showVisualEffectGraphs":true,"m_FxEnabled":true},"in2DMode":false,"pivot":{"x":0.5983301401138306,"y":3.3975982666015627,"z":85.88453674316406},"rotation":{"x":-0.09465431421995163,"y":-0.010388565249741078,"z":0.0009805208537727595,"w":-0.9954723119735718},"size":1.0204963684082032,"orthographic":false}