{"cameraMode":{"drawMode":0,"name":"Shaded","section":"Shading Mode"},"sceneLighting":true,"audioPlay":false,"sceneViewState":{"m_AlwaysRefresh":false,"showFog":true,"showSkybox":true,"showFlares":true,"showImageEffects":true,"showParticleSystems":true,"showVisualEffectGraphs":true,"m_FxEnabled":true},"in2DMode":false,"pivot":{"x":5.163638591766357,"y":19.117202758789064,"z":-0.2952246367931366},"rotation":{"x":0.24643181264400483,"y":-0.15446364879608155,"z":0.03998619690537453,"w":0.9560321569442749},"size":1.595872163772583,"orthographic":false}