{"cameraMode":{"drawMode":0,"name":"Shaded","section":"Shading Mode"},"sceneLighting":false,"audioPlay":false,"sceneViewState":{"m_AlwaysRefresh":false,"showFog":true,"showSkybox":true,"showFlares":true,"showImageEffects":true,"showParticleSystems":true,"showVisualEffectGraphs":true,"m_FxEnabled":true},"in2DMode":false,"pivot":{"x":39.36486053466797,"y":33.600486755371097,"z":27.791770935058595},"rotation":{"x":-0.11186803877353668,"y":0.8495726585388184,"z":-0.20008815824985505,"w":-0.4749627411365509},"size":14.077817916870118,"orthographic":false}