{"cameraMode":{"drawMode":0,"name":"Shaded","section":"Shading Mode"},"sceneLighting":false,"audioPlay":false,"sceneViewState":{"m_AlwaysRefresh":false,"showFog":true,"showSkybox":true,"showFlares":true,"showImageEffects":true,"showParticleSystems":true,"showVisualEffectGraphs":true,"m_FxEnabled":true},"in2DMode":false,"pivot":{"x":-1.7235833406448365,"y":25.04532241821289,"z":10.571825981140137},"rotation":{"x":0.002639487851411104,"y":0.8875092267990112,"z":-0.4606983959674835,"w":0.005209529772400856},"size":2.0239462852478029,"orthographic":false}