{"cameraMode":{"drawMode":0,"name":"Shaded","section":"Shading Mode"},"sceneLighting":false,"audioPlay":false,"sceneViewState":{"m_AlwaysRefresh":false,"showFog":true,"showSkybox":false,"showFlares":true,"showImageEffects":true,"showParticleSystems":true,"showVisualEffectGraphs":true,"m_FxEnabled":true},"in2DMode":false,"pivot":{"x":0.0075304508209228519,"y":0.648678183555603,"z":0.01895340532064438},"rotation":{"x":-0.34601008892059328,"y":-0.4088432490825653,"z":0.17109926044940949,"w":-0.8269254565238953},"size":0.9656549096107483,"orthographic":false}