{"cameraMode":{"drawMode":0,"name":"Shaded","section":"Shading Mode"},"sceneLighting":false,"audioPlay":false,"sceneViewState":{"m_AlwaysRefresh":false,"showFog":true,"showSkybox":false,"showFlares":true,"showImageEffects":true,"showParticleSystems":true,"showVisualEffectGraphs":true,"m_FxEnabled":true},"in2DMode":false,"pivot":{"x":-0.3339577317237854,"y":0.9021452069282532,"z":-0.40447545051574709},"rotation":{"x":-0.07846994698047638,"y":-0.9119513034820557,"z":0.3451458811759949,"w":-0.2074061781167984},"size":1.2997902631759644,"orthographic":false}