{"cameraMode":{"drawMode":0,"name":"Shaded","section":"Shading Mode"},"sceneLighting":false,"audioPlay":false,"sceneViewState":{"m_AlwaysRefresh":false,"showFog":true,"showSkybox":false,"showFlares":true,"showImageEffects":true,"showParticleSystems":true,"showVisualEffectGraphs":true,"m_FxEnabled":true},"in2DMode":false,"pivot":{"x":-0.34883809089660647,"y":1.5127525329589844,"z":1.836730718612671},"rotation":{"x":-0.04456008970737457,"y":-0.9415354132652283,"z":0.30399641394615176,"w":-0.13808925449848176},"size":0.9456982016563416,"orthographic":false}