{"cameraMode":{"drawMode":0,"name":"Shaded","section":"Shading Mode"},"sceneLighting":false,"audioPlay":false,"sceneViewState":{"m_AlwaysRefresh":false,"showFog":true,"showSkybox":false,"showFlares":true,"showImageEffects":true,"showParticleSystems":true,"showVisualEffectGraphs":true,"m_FxEnabled":true},"in2DMode":false,"pivot":{"x":-0.13160765171051026,"y":0.2686591148376465,"z":0.06884272396564484},"rotation":{"x":-0.31476685404777529,"y":-0.5406752228736877,"z":0.22817280888557435,"w":-0.7459807991981506},"size":1.5006355047225953,"orthographic":false}