{"cameraMode":{"drawMode":0,"name":"Shaded","section":"Shading Mode"},"sceneLighting":false,"audioPlay":false,"sceneViewState":{"m_AlwaysRefresh":false,"showFog":true,"showSkybox":false,"showFlares":true,"showImageEffects":true,"showParticleSystems":true,"showVisualEffectGraphs":true,"m_FxEnabled":true},"in2DMode":false,"pivot":{"x":-22.4185791015625,"y":5.117253303527832,"z":-15.236675262451172},"rotation":{"x":0.004108957946300507,"y":0.9640331268310547,"z":-0.26555749773979189,"w":0.014761129394173622},"size":7.113244533538818,"orthographic":false}