{"cameraMode":{"drawMode":0,"name":"Shaded","section":"Shading Mode"},"sceneLighting":false,"audioPlay":false,"sceneViewState":{"m_AlwaysRefresh":false,"showFog":true,"showSkybox":false,"showFlares":true,"showImageEffects":true,"showParticleSystems":true,"showVisualEffectGraphs":true,"m_FxEnabled":true},"in2DMode":false,"pivot":{"x":0.013994812965393067,"y":0.49224114418029787,"z":0.00035975314676761627},"rotation":{"x":-0.3423067033290863,"y":-0.04523271322250366,"z":0.01652892865240574,"w":-0.9383299350738525},"size":0.841813325881958,"orthographic":false}